"id,age,income,health,smoke,exercise,treatment,outcome,ps,ps_logit,matched_group"
"0.0,0.4530130358386489,0.7765428420025354,-1.8357494911249275,1.529953345140743,-0.8778287411878066,1.0,89.79301371156006,0.7182809187453,0.9359503355918595,0"
"1272.0,-1.1663152887611268,-0.19502479769746514,-1.2948352546838517,-0.6536147021581291,-1.3753146210726535,0.0,66.97540482021131,0.7198034427427992,0.9434868314556356,0"
"2.0,0.6068663754792069,-0.8474847593062896,-0.3641803234957964,-0.6536147021581291,-0.9318027975645138,1.0,78.80571413649473,0.7712481205498942,1.2153722180311188,1"
"872.0,-1.458794723980677,0.1475618570101459,-1.0375860723290193,-0.6536147021581291,0.4279571065487185,0.0,73.20478999450457,0.7713990096837113,1.2162276785388402,1"
"3.0,1.4988997165466376,-0.01864187738673978,1.9022549039852366,-0.6536147021581291,0.0894786242635785,1.0,84.66025788933798,0.9194852306406046,2.435373343635354,2"
"762.0,2.555730159006209,1.2418335520597352,-0.7575392688682299,-0.6536147021581291,-1.2962712039862732,0.0,83.13485044829756,0.9223649061400593,2.474921356559792,2"
"5.0,-0.29177479012791924,-0.4762348700157928,-1.2720925925709337,-0.6536147021581291,-1.4034553887558172,1.0,77.8846524401874,0.7250899590512462,0.9698518082800143,3"
"1208.0,-1.4825248130367856,-0.37266942450288126,-0.8007127499868367,-0.6536147021581291,-0.5700056051381459,0.0,64.15469892331765,0.7249850673238608,0.9693256610150321,3"
"6.0,1.5561540374250062,0.6931589172054795,0.5218345170222868,1.529953345140743,1.2584862857665635,1.0,86.0473827046956,0.861341095637622,1.8264735962865681,4"
"927.0,0.3312319499553624,-0.07847033269267967,0.49863860671134796,-0.6536147021581291,0.22501171015046503,0.0,72.81224736262008,0.8615643011443441,1.828343742140233,4"
"7.0,0.7288960256857834,0.9565311682709197,-1.4807065128742682,-0.6536147021581291,-0.4387085262407299,1.0,82.5758397019955,0.8644421669358979,1.8526860436402586,5"
"188.0,-0.9161144004247705,0.2729522664383703,0.9225884684362003,-0.6536147021581291,-0.5895550856590553,0.0,73.69571140783368,0.8634625856397512,1.8443518929714888,5"
"8.0,-0.5315999059608392,0.07471849693765087,1.1094516803921841,1.529953345140743,-1.1847230861476798,1.0,81.10060990169745,0.7640118366255161,1.1748016334369094,6"
"368.0,0.04636566127684731,-1.124945071443269,0.437575524460927,-0.6536147021581291,-1.2591611479841693,0.0,64.8595453677563,0.7635726794246004,1.1723674644395912,6"
"9.0,0.49973316898930575,1.4877405362069496,-0.42082819292425483,-0.6536147021581291,-0.1197486597489967,1.0,78.07812515716927,0.9143300245378777,2.367689163903709,7"
"397.0,1.3265165433825745,1.610941356241762,1.5097176113515727,1.529953345140743,-0.823841691737585,0.0,74.92389439995115,0.9162358399969611,2.3922685677039013,7"
"10.0,-0.5254277167943064,-1.1765404018917431,-0.04905759275747325,-0.6536147021581291,0.1093728609868837,1.0,72.62701632743457,0.7275480703533753,0.9822178793742352,8"
"511.0,-0.10436914626875637,-0.7910562632118555,-0.8203329064245546,-0.6536147021581291,-0.9990525935889603,0.0,63.737022542464494,0.7289231281858506,0.9891658376571959,8"
"15.0,-0.6261829178519459,-0.13905144977743053,1.0658106797626548,1.529953345140743,0.5505042609369548,1.0,81.06749706964733,0.7554055624896644,1.1276532920593572,9"
"198.0,0.006145671428331665,0.5075398919258646,-0.32351921427136204,1.529953345140743,-0.7482977269718385,0.0,78.03944934831564,0.7555597229256719,1.1284878159171168,9"
"16.0,-1.0853179963111383,1.5242781698052414,-1.4531720812727538,-0.6536147021581291,-0.34403868214475836,1.0,88.95432279150066,0.8595900558789237,1.8118892802325623,10"
"619.0,0.17498026600736685,-0.20952361989428692,0.9242561370190755,-0.6536147021581291,-0.5240323417778215,0.0,73.68597169573383,0.8594332816260442,1.8105909572415497,10"
"18.0,-0.9785123692982142,-1.0570165714755633,-0.40116482377679147,-0.6536147021581291,-0.05846570720540956,1.0,74.04441393709303,0.7019581716419979,0.8566399774222122,11"
"79.0,-2.0786432205397687,-0.8394016001231447,-0.20160384793470965,-0.6536147021581291,0.8692972409633343,0.0,57.778218226940474,0.7029753264150969,0.8615065822388925,11"
"20.0,1.4404244199804719,1.2268313187142537,1.2252415188480417,-0.6536147021581291,0.01848587700928157,1.0,90.58173130150806,0.9455022929630549,2.85355768516085,12"
"239.0,0.8155154832531437,1.7248338546067619,0.9668690960828604,-0.6536147021581291,-1.0209969578409315,0.0,83.40261810977043,0.9460199324514926,2.863648780123783,12"
"21.0,-0.2832547029780152,0.5769029020972326,-0.4129855240940593,-0.6536147021581291,-0.16709656236410536,1.0,76.65686204542462,0.8553517022732453,1.7772074689131387,13"
"1416.0,0.004927278915957316,-0.1937937591754914,0.3012575292050349,-0.6536147021581291,2.667941609099689,0.0,69.79528255117147,0.8559264156728434,1.7818602381169757,13"
"22.0,0.01564287243500985,-0.24558995637285197,-0.3620344016475867,-0.6536147021581291,0.09968896381207235,1.0,87.8194753095529,0.8107446361124653,1.4548558944253833,14"
"866.0,0.23814356498365913,-0.5602288986887003,0.35784506979605285,-0.6536147021581291,-1.48614387927949,0.0,66.50090511157818,0.8103392865548382,1.4522162750993848,14"
"25.0,0.05986475188375132,1.0922703753030727,-0.33947552709127293,-0.6536147021581291,-1.9764314398137313,1.0,79.62995628327786,0.883089510061749,2.0220179671246807,15"
"570.0,-0.03440343613324455,0.9667970744895612,-0.24981592495877672,-0.6536147021581291,-0.5084492966434162,0.0,79.39311310987901,0.8849507746248778,2.0401719380506096,15"
"27.0,0.32968922526207,1.5545845350285892,0.48557462899894005,-0.6536147021581291,0.3324867872384752,1.0,90.26347699103347,0.9328691782511854,2.6316216957475356,16"
"968.0,-0.09409676731317587,0.6798758014367307,2.027909774689063,-0.6536147021581291,1.1142976633264532,0.0,72.9643361360998,0.9290084802700732,2.571557437673441,16"
"29.0,-0.3504291426051076,-1.1540889939859815,0.07707960700959805,-0.6536147021581291,1.8816519795720046,1.0,73.62171448226405,0.7589661165076897,1.1470196151049505,17"
"679.0,1.2426295429280467,-0.008292534021566798,-0.03928959646709972,1.529953345140743,-1.4084355777739763,0.0,62.13903024146377,0.7583030184097356,1.143398266811809,17"
"31.0,1.8344265333598293,-1.8140734311621038,-0.6051175674527218,1.529953345140743,-0.9600918686295483,1.0,76.1621638616331,0.559193575482577,0.23788986967949682,18"
"973.0,-0.7182420080412264,-1.420013826337243,0.12854475641758664,1.529953345140743,0.3702184950490558,0.0,61.039574935958505,0.5560743277654936,0.22524482480603894,18"
"32.0,-0.06692764378594955,0.3135182124850681,0.4897996392573731,1.529953345140743,0.8727209107605117,1.0,88.1346090161837,0.7884840178229927,1.3158115756281408,19"
"996.0,1.7787938587015542,-0.29897164761425554,-2.003178678208702,-0.6536147021581291,0.07268026425775934,0.0,78.52759660907091,0.7884517348538793,1.3156180167315252,19"
"33.0,-1.1310536251381853,-0.16535134532246612,-0.9242548315703991,-0.6536147021581291,0.4285876348006656,1.0,79.90682677871929,0.7599673198420149,1.152500350750966,20"
"370.0,-0.028195475655205325,-1.1399368702808814,-0.033110137932764135,-0.6536147021581291,1.3766488008962907,0.0,57.54998097052535,0.7610620631333195,1.158511069417828,20"
"34.0,0.7850571134761295,-0.4892636825772331,0.1012510579569627,-0.6536147021581291,0.4252294637552664,1.0,82.7882841100763,0.8340426579847324,1.6145537701924868,21"
"702.0,-0.7709479706776093,0.7169314840967059,-0.85928101905763,-0.6536147021581291,-0.45565161280809763,0.0,69.47827080172821,0.8354074082360801,1.6244462401941802,21"
"35.0,-1.2972971499450978,-1.637348127431787,0.48326394699894526,-0.6536147021581291,-0.3690738010540569,1.0,69.33772912900154,0.6752041189578977,0.731818116928986,22"
"1144.0,-0.22954519673971133,-1.1235887385252186,-1.4527434236756596,-0.6536147021581291,0.7686759920825957,0.0,62.73542446231906,0.6735096304857565,0.7241018427568335,22"
"37.0,-2.0502124233430554,-0.5570749313497303,0.21104201329196517,-0.6536147021581291,-0.21028073655890503,1.0,80.96773859401554,0.7427854778941471,1.060496825716462,23"
"123.0,-1.481756221897907,-0.6948483788135338,-0.30944598846982524,-0.6536147021581291,1.8043490404126374,0.0,61.74086460208578,0.7426319156707044,1.0596932241297672,23"
"39.0,0.14744217574909987,-2.9368867404174437,-0.16032143649559863,-0.6536147021581291,-1.8013224398348324,1.0,61.53233244848143,0.5290303229440328,0.11625203945045476,24"
"1286.0,-1.9243933036056597,-0.7984526480073469,-0.407541146331434,1.529953345140743,-0.5169320506290623,0.0,69.23094580746904,0.5309524596271504,0.12396835863184037,24"
"40.0,0.6993754782866597,-0.043197643701267226,0.6441334296923773,-0.6536147021581291,-0.3769340492871042,1.0,88.03578442493807,0.8722885328236709,1.9213466986583405,25"
"318.0,0.2771748938761316,-0.22997194446367006,1.1480252184946784,-0.6536147021581291,0.49627158123800513,0.0,61.960183129519606,0.8731728240270908,1.9293081613213021,25"
"43.0,-0.3600185281534919,-0.4801696269401814,0.2639804490188638,-0.6536147021581291,-0.5415052620695392,1.0,68.783231913327,0.8029052329101273,1.4045520263935056,26"
"1321.0,0.4866205113761244,0.8444889285487467,-0.06247973614185256,1.529953345140743,-1.6780974961452646,0.0,80.14406591187262,0.8028634442467877,1.404287977493157,26"
"44.0,-1.5598891995800868,-0.6277820415583071,0.7469457880724044,1.529953345140743,-0.39057486362605054,1.0,72.01866805476693,0.6424152045546517,0.5858623066468867,27"
"1022.0,-0.07799205217639377,0.35859455276593594,-1.7806323707416791,1.529953345140743,-2.1061650855992062,0.0,67.32125380656811,0.6426807126658305,0.5870182977147904,27"
"45.0,-0.7867440703687414,0.46162980800683334,-1.9757302953530862,1.529953345140743,-1.1330847992326942,1.0,81.67239990169023,0.6236529914006632,0.5050824971669843,28"
"617.0,0.6864333447081001,-1.026665790342642,-0.23669068923645042,1.529953345140743,-1.0548624904964472,0.0,71.74308046609366,0.624178247961262,0.5073210141028275,28"
"46.0,-0.5225958032390317,-1.030771292449756,1.1846777088540978,-0.6536147021581291,-2.095032762744039,1.0,71.8578928650951,0.780814399709576,1.2704186163695108,29"
"708.0,-2.174803089070389,-0.333653328967702,0.4608037474613403,-0.6536147021581291,0.8589487515457666,0.0,59.20924899872233,0.7801946951533756,1.2668013211491642,29"
"47.0,1.0241076196877055,0.29177464293027094,-0.28800117049719376,-0.6536147021581291,-0.18009804590971204,1.0,88.82688415169338,0.8708528790770316,1.9085208254379364,30"
"934.0,0.39523211723095564,0.21397481447773098,0.10233614229469802,-0.6536147021581291,0.7862953274288129,0.0,74.04383947696093,0.8706641404180229,1.9068437165985703,30"
"48.0,0.29699776303678865,0.7640507621127768,0.46220526374549736,-0.6536147021581291,0.17471907621821636,1.0,80.72832806400444,0.9023427986825698,2.223531089936138,31"
"1308.0,1.0534296426878116,0.9159295281484348,-0.15077873238349018,-0.6536147021581291,0.021446909372499275,0.0,72.54120805324877,0.906073308092354,2.266605612091148,31"
"49.0,-1.8498328866962348,1.2328323441264861,1.2222723586859652,1.529953345140743,-0.007667904502311811,1.0,87.40778118945495,0.8307579056059113,1.591008222351476,32"
"1024.0,1.7073129271315473,0.9224510550081436,-0.6252032962252166,1.529953345140743,-0.19828521032175397,0.0,83.44012029531216,0.8307155611647893,1.59070708108355,32"
"51.0,-0.44559851396545685,-0.22238717240114933,-0.6555347372597318,-0.6536147021581291,0.08484600384027732,1.0,80.72599635580602,0.7864460049737402,1.3036343630533453,33"
"369.0,-0.8409234686401954,-0.43309141102393056,0.1722402035884539,-0.6536147021581291,-0.7905543550322732,0.0,57.41648507359807,0.7863572092129129,1.303105735416293,33"
"52.0,-0.7430033718701973,-0.9082969973560803,-0.24101773682961836,-0.6536147021581291,1.0335538562810096,1.0,75.3142099573447,0.7445056132240335,1.0695199518479361,34"
"190.0,-0.5082026549984022,0.5815780725950929,-0.3603207433686793,1.529953345140743,-0.5722020145897984,0.0,78.09060508680494,0.7445795185578582,1.0699085204527996,34"
"53.0,0.5701674029130384,-0.8563155882508459,-0.7287216353453684,1.529953345140743,-0.14123163282553644,1.0,76.9850507370414,0.6189811939988046,0.48522615746930114,35"
"815.0,-1.5670617982877155,0.4136303337569165,-1.7227857771472628,1.529953345140743,0.4124925332420347,0.0,69.66130276086125,0.618443897399635,0.4829485823568498,35"
"54.0,0.9974867779744742,-0.24558465984282513,1.7518175613881015,-0.6536147021581291,-0.5126938022848182,1.0,77.56943585159445,0.8968332508457145,2.1625233452717216,36"
"478.0,3.0844194377467917,-0.801383825473461,1.1792770498028478,-0.6536147021581291,0.13261631080576589,0.0,69.68017429364343,0.8958436215018639,2.1518724589563303,36"
"55.0,0.8958658094383357,0.35847639568339407,-0.8006341869912701,1.529953345140743,-0.22903333749341098,1.0,81.44650904544562,0.7535570867869362,1.1176744000934717,37"
"1.0,-0.19407392343510896,-0.5758778267455987,-0.8041923786586574,-0.6536147021581291,-0.2878035504606166,0.0,68.91182285929676,0.7536491462969771,1.118170182106953,37"
"57.0,-0.3682818341284458,-0.8322064196509293,0.24445340391724166,-0.6536147021581291,1.4103889504881235,1.0,81.55807047651129,0.7895959832316501,1.3224918292280445,38"
"1080.0,-0.40847367571111903,0.3632979091048591,0.6672231628508511,1.529953345140743,0.8368972824799628,0.0,80.54092723075986,0.7896729262599104,1.3229550292576564,38"
"59.0,0.9409749139193929,-0.2909974484211653,-0.3465270112486575,-0.6536147021581291,0.13896522813596235,1.0,76.17922185304998,0.8330927761994779,1.6077069000155837,39"
"730.0,0.14640682107880698,-0.7116177440892484,0.8881780290639579,-0.6536147021581291,0.4687104884745181,0.0,73.46106112634939,0.8318658996373872,1.598909372068076,39"
"63.0,-1.272190316691262,0.8840453833198525,-0.4781539781847985,1.529953345140743,-1.37599154688796,1.0,79.06729927654008,0.732534045695459,1.007517533968048,40"
"883.0,1.010899108510335,-0.0646987444668199,-0.8336718196322659,1.529953345140743,1.4680571493001628,0.0,68.08289133245805,0.7324195101987143,1.006933033636599,40"
"64.0,0.7748469681526484,0.7343113903492268,-1.4483701687920885,1.529953345140743,-1.6697407206861306,1.0,75.98365949931896,0.7382531512930187,1.0369089788593409,41"
"71.0,1.514192591944435,-1.2910779165598631,1.7198867423472786,1.529953345140743,-1.1507993940179613,0.0,64.98579879060128,0.7390878617947876,1.0412330912828391,41"
"65.0,1.3289293469662498,-0.30137695606812925,0.3598822779210553,-0.6536147021581291,0.3982791499831194,1.0,78.46789940875784,0.8668271314824877,1.8731915223633278,42"
"964.0,-0.14461991683142872,0.8688998913250261,-0.5558533503414697,-0.6536147021581291,-0.9040915877072472,0.0,76.35095580340821,0.8666113874658252,1.8713238830880836,42"
"69.0,-0.7105946840901899,-0.5533640050803896,0.7253902780981676,-0.6536147021581291,-0.9022442314087858,1.0,79.87550494814728,0.803535070740137,1.4085368933611961,43"
"261.0,-0.11383349286355798,0.7396858846832566,0.08846621556547989,1.529953345140743,0.7900933037158744,0.0,76.9545029512025,0.803169102036859,1.4062203054780402,43"
"75.0,0.7844024555730704,-0.051464032742143784,1.8336837985374501,1.529953345140743,-0.9660254197656496,1.0,83.39162029307914,0.825735698584762,1.5557016244252169,44"
"643.0,-1.5849796633836861,0.2329408686250044,0.008682931879233705,-0.6536147021581291,1.3077966150762896,0.0,76.50482658747605,0.8257197685486815,1.5555909234086536,44"
"76.0,0.035533944297395335,-1.6581283376896048,0.8065743984576775,-0.6536147021581291,0.5954905511660794,1.0,67.79172685601236,0.7500301586686202,1.0987731413692354,45"
"272.0,1.132171268340249,-0.64857095169359,0.9112170210623064,1.529953345140743,-0.650662942526273,0.0,74.36006078983738,0.7498868878793434,1.098009114974659,45"
"77.0,-0.35788220749163624,1.1695684748460176,0.5878233989362633,-0.6536147021581291,-0.2777428294158597,1.0,94.2615718424282,0.9099936978995405,2.313557982884611,46"
"1157.0,2.2422148234837556,0.8903541904484864,-0.42701903168151417,-0.6536147021581291,-1.6711261489918152,0.0,87.44037531205599,0.9100105863292548,2.3137641952408905,46"
"78.0,0.04033753904763072,-0.7624390503660233,0.27363993537351666,-0.6536147021581291,-0.45903649783919254,1.0,75.00494317851467,0.7934443870385695,1.3458137635577063,47"
"1042.0,1.0460773314083942,-0.2359600343310674,-1.5482504794928629,-0.6536147021581291,0.36596175668800657,0.0,65.16922076687673,0.7937318096984839,1.3475684163019142,47"
"80.0,-0.27703388431371107,0.18881047807349988,1.2255073392431837,1.529953345140743,0.07166762987729987,1.0,82.80372017628156,0.7974954009792359,1.3707134703428272,48"
"1465.0,0.5466290612626807,-0.2785171651603651,-1.0957391705887656,-0.6536147021581291,0.5038255778676862,0.0,67.16808232690126,0.7960722202185199,1.3619240001614192,48"
"85.0,-0.5644981667414232,0.6898206153612965,0.3484636689086199,-0.6536147021581291,-0.26555718338597756,1.0,85.86330977300155,0.878428455811269,1.9776315347385693,49"
"1426.0,2.04224423227216,-0.1334380433735994,0.38822339422990554,-0.6536147021581291,-1.8303894665476252,0.0,75.23551513627498,0.8789182756291958,1.9822261934724859,49"
"89.0,0.46988197307067076,0.07241656038310715,0.1845732702809464,1.529953345140743,-1.5286955317455588,1.0,77.60990510188887,0.749321301667777,1.0949958329277707,50"
"284.0,2.1205354888623886,0.06864870343267532,-1.4946808203603241,1.529953345140743,1.3678360423443634,0.0,76.28327236466848,0.7493975581782023,1.0954018416688636,50"
"90.0,0.045755698246188775,-1.1057937413083747,-1.7472817991337333,1.529953345140743,1.8716807333230756,1.0,70.58797608979627,0.5245144720308395,0.09813657338067806,51"
"1323.0,0.4426057826923891,-1.4445744711737185,-1.017210262487815,1.529953345140743,-0.18313613553808808,0.0,55.247694592147774,0.5236798762759275,0.0947904174765873,51"
"92.0,-0.7686136942602316,0.42886113009993415,-0.04986765956507922,-0.6536147021581291,0.7186209004116889,1.0,88.27148647593086,0.8527143696852367,1.756050872749593,52"
"1116.0,2.3960736608032054,-0.7620140847824262,-0.19586228342767567,-0.6536147021581291,1.5334705671732454,0.0,73.52955519395877,0.852180347756921,1.7518052154163808,52"
"93.0,-0.3870834264865003,0.9042770113362905,0.4564143670053877,-0.6536147021581291,-0.7663883641047032,1.0,85.37846720771668,0.8927232382422782,2.1188645556993873,53"
"651.0,1.0948746388732045,1.6748451749657398,0.5856148529790326,1.529953345140743,-1.2719039554833673,0.0,76.24943039573394,0.8923189350099208,2.1146498629622044,53"
"94.0,-0.4527583641650856,-2.4187943178623232,-0.8076373446046606,1.529953345140743,0.34140657395194524,1.0,62.17614999808566,0.3856902364378484,-0.4654647508275798,54"
"62.0,-1.180604889833599,-2.481156898698404,-0.04881203954715397,1.529953345140743,0.06294023517998364,0.0,59.19578087325521,0.39117699086469593,-0.44236748045371477,54"
"95.0,-1.5445959856705815,-1.0423117449336543,1.3032450006947889,1.529953345140743,-1.2183296309839426,1.0,79.99073720368135,0.6203227117737461,0.49091819508467976,55"
"877.0,0.17488236134268348,-1.3640707276925867,0.28248417788552294,1.529953345140743,1.1199804763879069,0.0,63.77488875287455,0.6210531294484019,0.4940206209265291,55"
"99.0,-0.29223355103972093,-0.7557370621603077,0.6142343950507422,1.529953345140743,0.7189956773435737,1.0,71.28498364847151,0.6845971255275755,0.7749797391016355,56"
"780.0,0.127916571247154,-1.7707073311801513,-0.10488326084771905,-0.6536147021581291,-0.32550937155957727,0.0,58.30860386482356,0.6842701469342448,0.7734658387139876,56"
"100.0,-1.495533710069165,-0.20125240498361785,-0.653024904260887,1.529953345140743,-1.1502562026607572,1.0,82.06118818143011,0.5984434580381486,0.39898369747437895,57"
"1284.0,-0.8541506568102667,-0.5107942546055225,-0.7241314510163762,1.529953345140743,0.2320573841187379,0.0,68.76451601833563,0.6021486061726683,0.4144257157362752,57"
"102.0,-0.40242283245069554,-0.6722868833963482,1.6676562873067706,-0.6536147021581291,0.4859826475065804,1.0,79.99738313301106,0.8487535795984674,1.724858466494363,58"
"798.0,-0.024314654576772864,0.6464312438261824,-0.9351518990882127,-0.6536147021581291,-0.19311343594767694,0.0,77.99654894942533,0.8480403607371608,1.7193132754471003,58"
"103.0,-0.870749060337724,-0.8281508831764903,1.0975541711707963,-0.6536147021581291,2.0748080180673543,1.0,83.82819414943071,0.8162822614744785,1.4913596537931588,59"
"756.0,0.44955202003649736,0.8869362714714044,0.14503161701691736,1.529953345140743,-1.259471964824103,0.0,64.77714415030928,0.8166934968772652,1.4941042354046719,59"
"106.0,1.8689808417018354,0.10957140378833959,-1.2303938966589776,-0.6536147021581291,-0.06040588260660446,1.0,83.4355124382493,0.8494507169714035,1.7302994327004946,60"
"1379.0,1.8076571447489056,-0.2057612415226977,-0.721577137685258,-0.6536147021581291,0.7083279026775836,0.0,73.4565117336608,0.850328737122061,1.7371817160166296,60"
"108.0,0.20928862174497442,0.3134282498526714,0.4869383464874597,-0.6536147021581291,-1.6486047884353205,1.0,78.45784518428906,0.8700986589286143,1.9018313587881452,61"
"1440.0,0.6223488186404353,0.9985064094990109,-1.2932216268568377,-0.6536147021581291,-0.37878950560307056,0.0,81.43911340818107,0.8706115806329775,1.9063770477117614,61"
"109.0,-0.12903857509299022,-0.2719044237362761,-1.7983337303091396,1.529953345140743,0.13478934526845754,1.0,76.39972224431334,0.592752700678544,0.37535666516019095,62"
"1412.0,0.41140813016052025,-0.7587412065977935,-0.9992480293064901,1.529953345140743,-1.3709827463228617,0.0,67.89290971738832,0.5917534350324947,0.3712187354748328,62"
"112.0,0.00820571106605232,0.8830936674644299,-0.25314231112836716,-0.6536147021581291,0.33119344766897946,1.0,87.27153397179453,0.8857349995518297,2.047897492188134,63"
"735.0,0.4284364806147669,0.728127014206881,-0.07704804070996782,-0.6536147021581291,-0.6154180393685281,0.0,72.8082077396913,0.8857370744115017,2.047917993192225,63"
"113.0,2.4570410296094782,-0.09438569374401033,-1.14799656615106,1.529953345140743,0.1782419890909582,1.0,75.74277848498286,0.7519674609185654,1.1091331094268067,64"
"1278.0,0.14253829330053974,-0.07803617247803828,-0.02393127406834494,1.529953345140743,2.6254452974099727,0.0,74.21580634324015,0.7527898427816206,1.1135472817841074,64"
"114.0,-0.2492021649236836,-0.19879430288802416,0.42624709943084194,1.529953345140743,-0.23262701202692898,1.0,90.43006752330811,0.7229306957955564,0.9590456905490313,65"
"628.0,0.003614501176538389,0.7124795607411174,-1.4762722386537814,1.529953345140743,-0.02310344744675024,0.0,74.43115206045661,0.7231377074841542,0.960079427164488,65"
"120.0,0.7529432226753414,0.10000977986045231,-0.43307664277026714,1.529953345140743,0.32903471929385386,1.0,92.6835675371045,0.7483258077536659,1.0897030919043835,66"
"1488.0,-1.6079223357043646,-1.1648574147404531,0.9109601634437522,-0.6536147021581291,1.0939550718699251,0.0,66.59003823791842,0.7489630219045271,1.0930893609742443,66"
"124.0,0.544874926696469,1.8903171239446293,-0.09412545715920168,1.529953345140743,1.1829994499877543,1.0,96.64146935060343,0.8872301734051857,2.062755636603064,67"
"1336.0,-0.6782727747741361,1.9216864964383353,-1.5927625089156736,-0.6536147021581291,0.00918825701900433,0.0,80.33068247598275,0.8871623427908656,2.0620778662714287,67"
"125.0,2.17905273405231,1.0834201346711303,0.7716098143739389,1.529953345140743,0.1755781446119785,1.0,86.50079935108026,0.8950925637050794,2.1438487338014274,68"
"865.0,-0.4482677409426968,1.5449050040057386,-0.6742672489171315,-0.6536147021581291,-0.31442791901181744,0.0,79.43939859544018,0.895276654322362,2.1458107115999803,68"
"127.0,-0.6302695893619844,1.2878459426497213,1.3414941192485856,-0.6536147021581291,-0.3063820651983469,1.0,82.76242337074663,0.9255086118363327,2.5196599134485056,69"
"19.0,-1.4924081834670488,1.8707815025279864,0.5865437934344231,-0.6536147021581291,0.6365155740620346,0.0,87.03433636396099,0.9238443358235029,2.4957641313190693,69"
"130.0,-1.6334063168804838,0.4778629245533845,-0.044722236383238044,-0.6536147021581291,1.111379321626871,1.0,77.89256003199546,0.8379495088049791,1.643049885928701,70"
"1455.0,-1.8475120624589898,1.762215933699153,0.3275148828341207,1.529953345140743,0.5429358344380468,0.0,85.22640211678996,0.8378398579881293,1.6422426040723672,70"
"131.0,0.01669737474900243,-0.8761269646578972,0.006158719503362605,-0.6536147021581291,1.4393551421275643,1.0,80.76428864592366,0.7874673988760418,1.3097265779390117,71"
"361.0,1.5087939166849318,0.8095482691933429,-1.6186256629873363,1.529953345140743,1.2229842484419482,0.0,76.69180350080748,0.7870651787585666,1.3073249489298442,71"
"134.0,-0.9901299194496879,-0.35574426077739635,0.08385994540302309,1.529953345140743,-2.314859755453123,1.0,66.94041351981303,0.6346393608007062,0.5521719834285614,72"
"1362.0,0.0686876271465599,-1.1364656417538828,0.3155713380527266,1.529953345140743,0.48934539990776404,0.0,64.80929929215638,0.637288758932549,0.5636158250336406,72"
"135.0,1.526317312270857,-0.4258023035591658,0.47945220160643526,-0.6536147021581291,0.7056231249932281,1.0,86.20621458516146,0.8693393534542769,1.8951300816333752,73"
"443.0,-0.14399252203822016,-0.36430601149858166,1.6077240833340931,-0.6536147021581291,0.24686235721504354,0.0,68.753752039003,0.8693797552422434,1.8954858140997592,73"
"137.0,-0.381375996783076,0.4156774115460509,-0.9625345102180995,-0.6536147021581291,0.21373151858166256,1.0,80.93783548973937,0.8254708607540092,1.5538622490475342,74"
"745.0,-0.792756175628559,0.09094193988375542,-0.13559363459577184,-0.6536147021581291,0.536685861357412,0.0,73.16567796385519,0.8254928743146435,1.5540150556781838,74"
"140.0,0.1786243659348484,0.009426769726035929,0.8771049144074756,-0.6536147021581291,0.0758200040768362,1.0,74.48319521767581,0.8739354100501273,1.9362120771229996,75"
"86.0,0.8796850278909689,0.16426773775736256,-0.012571058859947429,-0.6536147021581291,0.6497265318282329,0.0,64.78075166734585,0.8736662307557711,1.933771048820609,75"
"142.0,-1.6913096262416085,-0.09622092781384604,-0.05443302959165566,-0.6536147021581291,-1.036273716419981,1.0,82.84233385954668,0.7757201068036047,1.2408969729624113,76"
"223.0,-1.6966420448497816,0.6107450647852946,0.7278328560127728,1.529953345140743,1.0696724600075196,0.0,62.79790651198923,0.7749864750250289,1.2366850662227606,76"
"143.0,0.13498163260994267,0.4449451559048925,-0.5505293817625195,-0.6536147021581291,1.2020994560508937,1.0,80.6024377550886,0.8606658025007106,1.8208309326867609,77"
"1148.0,1.5717378954454666,0.0006776710023997302,-0.4638249227221456,-0.6536147021581291,-0.12418965194704411,0.0,77.66513826115111,0.860805866142174,1.8219993989541778,77"
"144.0,0.2116655022442683,-1.0958805935764997,0.4688756894346519,-0.6536147021581291,-0.5347820930131222,1.0,71.3582890613988,0.7792445010515803,1.2612691124309392,78"
"1171.0,0.23338046961300446,0.5768305418640958,-0.11503774331208862,1.529953345140743,-0.687740479409886,0.0,71.78700273472117,0.7793977981766808,1.2621604800407988,78"
"148.0,0.4787215139859319,1.1926047917474252,-0.0658288295516018,-0.6536147021581291,0.19866430935844975,1.0,89.96826543845786,0.9112271979534307,2.328711940363295,79"
"821.0,1.383049472256076,0.7771281691529435,0.3083759901742086,-0.6536147021581291,-1.1285865896827136,0.0,75.96614557715064,0.9107382064828192,2.3226819343897698,79"
"153.0,0.18350954151202917,-0.37445162445562086,-0.32598430465899264,1.529953345140743,0.8376852436392485,1.0,86.15831759455632,0.6913513029830375,0.8064443652509072,80"
"734.0,0.9956077314647139,-1.2472186178510531,0.8243216386043826,1.529953345140743,0.3961635554878539,0.0,65.69575081308624,0.6917819271853379,0.8084632107686482,80"
"155.0,-0.781146537107626,-0.3156929393954663,-1.5634064080943542,1.529953345140743,-0.363527690730257,1.0,83.57858509344581,0.5675688549205509,0.2719389606826261,81"
"1485.0,0.8972015163851645,-0.9917725517231517,-1.527439721444363,1.529953345140743,-0.06914506884877104,0.0,69.59431553128226,0.5673226839339416,0.270936027617928,81"
"156.0,1.848180223593906,0.1561498587482191,-1.175522911462634,-0.6536147021581291,-1.8010612398036185,1.0,81.4579207113047,0.8425055019313993,1.6769896679298197,82"
"84.0,-0.8770839342643454,0.4209846084165512,-0.1398704469217214,-0.6536147021581291,0.14697683253795055,0.0,68.65561259035447,0.8429096815437607,1.6800388961994006,82"
"157.0,0.42969547788665313,1.3250564687567872,0.15091152604928226,1.529953345140743,1.441746559430797,1.0,91.53970952857257,0.8631758878108547,1.8419222317138149,83"
"1337.0,-0.3614105673499459,1.638722979613836,0.5387895229455553,1.529953345140743,-0.7836634329338733,0.0,81.8431615956643,0.863280541970218,1.8428086411480968,83"
"159.0,0.6159004954517042,1.1442799698244421,0.3516009085993179,-0.6536147021581291,-0.5293435590014389,1.0,82.97413613379896,0.9171372990171512,2.4040721542858385,84"
"1202.0,0.07145657523669215,2.0316807161559898,-0.9274512370530948,-0.6536147021581291,-0.6626556574608955,0.0,77.60500978232058,0.9164771709931515,2.3954171623004163,84"
"160.0,-1.0464410682749643,1.3245656999764255,-0.5541563314055611,-0.6536147021581291,0.39014387686808044,1.0,79.1959460706007,0.8802992273020757,1.99526681286921,85"
"662.0,-0.08655088585655095,0.49158392291184755,0.4108536818395559,-0.6536147021581291,-0.09592969288452506,0.0,71.5525246264761,0.8800192128743239,1.9926121173681781,85"
"162.0,1.1275159839726967,-2.173569219340921,-0.4089761369373221,-0.6536147021581291,-1.4029441296168885,1.0,66.74483321207519,0.6511707138342844,0.624189189922607,86"
"583.0,2.2608200225797006,-2.3508944252198556,-1.161211404962097,-0.6536147021581291,0.34167978133314364,0.0,61.01851452956117,0.6530425130594675,0.6324399749634354,86"
"163.0,-0.8895050782757022,-0.6334884829609165,-0.6409188968428777,-0.6536147021581291,-2.0133757777780823,1.0,75.62848712339523,0.7150122998951749,0.9198537233862298,87"
"690.0,-0.42102252534499857,-1.6408282727382582,0.5684406658447675,-0.6536147021581291,-0.2075507160253106,0.0,51.94827900942164,0.7152063739463304,0.9208063370790996,87"
"166.0,0.784563117552404,-1.031703858308556,-0.3408572080983074,1.529953345140743,2.877547813613372,1.0,73.82267105086672,0.6663039832559838,0.6915155486741565,88"
"831.0,-0.9893429048222078,-0.08804042932353169,-0.4771345906646903,1.529953345140743,0.8974592140286387,0.0,62.42510657212948,0.6672462195015108,0.6957563038898553,88"
"168.0,-0.3032404993223069,0.8398729118630633,-0.05199982229689452,1.529953345140743,-0.8490389448565759,1.0,87.31241169060125,0.7861453826841319,1.3018453147558877,89"
"550.0,0.035067943572512715,0.8240841095116703,-0.4802442682595372,1.529953345140743,0.3251327806925119,0.0,75.42318457801258,0.7860546497467871,1.301305709191948,89"
"169.0,-0.8212823174279023,0.5409303528512919,-0.3665059496961194,-0.6536147021581291,-0.504279949301199,1.0,89.73957621239768,0.8397939640374141,1.6566958692496887,90"
"1206.0,-0.7685511172275128,0.13217115695742424,0.5297405511148529,-0.6536147021581291,-1.3862442148021215,0.0,67.8660090412525,0.8400484813450781,1.6585888451480937,90"
"171.0,-0.8845401393102339,-0.38834472136766285,0.6421932912791217,-0.6536147021581291,-0.41211104186174435,1.0,80.8935822568613,0.8115675964217305,1.4602283407339807,91"
"925.0,-1.6054058363502437,0.5078927665539492,-0.2881313746761008,-0.6536147021581291,-1.6044946364451502,0.0,75.25487446908441,0.8119917856933301,1.463004568973273,91"
"172.0,-0.13174501249221623,-0.41370742523649906,-1.2540208877486536,-0.6536147021581291,0.6360715972813166,1.0,82.13951141198015,0.7570110184378419,1.1363617097846728,92"
"422.0,-0.3068847237303145,-1.1064081466756763,0.4625536312143009,-0.6536147021581291,-1.0542823366908614,0.0,66.40485121989664,0.7565300302081439,1.1337486211102556,92"
"173.0,0.2944844177368753,-0.9534889392931282,0.8074336036191537,-0.6536147021581291,-0.9043631284550099,1.0,83.48016944934474,0.8049236089256663,1.4173561462219133,93"
"359.0,-0.8961785802513619,0.24959111993395813,-0.9217209926864006,-0.6536147021581291,0.8345409934722043,0.0,73.72403813796457,0.8053447626792988,1.4200404823117359,93"
"178.0,-0.322876654789679,1.000276739157639,1.0036995614142286,1.529953345140743,-0.2482580968470119,1.0,82.91224843658976,0.8437067849272342,1.6860711961690489,94"
"946.0,-1.6077886912599861,0.28407667418474225,0.5726466359178398,-0.6536147021581291,0.4048510397915526,0.0,80.75110895371796,0.8429770924907433,1.6805480814304692,94"
"179.0,2.7188674665546517,-0.4542553881651831,0.5509780855284742,-0.6536147021581291,-0.5682281808350362,1.0,81.02353630893943,0.8863914102126567,2.054399507547861,95"
"1241.0,-0.2606355046779566,0.45604970416310164,0.9217156225025834,-0.6536147021581291,-0.5676562990309815,0.0,80.55395060864183,0.8864384784595127,2.054866994790142,95"
"180.0,0.5844252595640919,0.3954666051600775,1.0067621126699315,-0.6536147021581291,1.2471188485355247,1.0,85.37183285959391,0.9082625834908881,2.2926031978965264,96"
"1216.0,-0.7395065623524608,0.6210600580240212,1.8716848531446943,-0.6536147021581291,-0.6541860108220949,0.0,80.60090169103103,0.9084774279489616,2.2951844111808035,96"
"182.0,-1.1444865556802637,-0.9344587525522021,-1.043792132169132,-0.6536147021581291,-0.2810074515511871,1.0,74.33126128594564,0.6694017957028421,0.7054807176052805,97"
"175.0,0.7897838995933374,-0.34307512111193006,-0.6978777333650924,1.529953345140743,-1.6979796594172125,0.0,71.75077367216876,0.669904529529217,0.7077532919149316,97"
"184.0,-0.2808970710289299,-1.2145336698889533,-0.7252210821393699,-0.6536147021581291,-0.505550448017634,1.0,70.92885561632454,0.6897187924289828,0.7988049598267662,98"
"1089.0,-0.2532671138964798,-0.07982683318825079,-0.3383342691043269,1.529953345140743,-0.5660739066042106,0.0,70.92948474087201,0.689532207198685,0.7979332379848375,98"
"187.0,-0.12739073709433452,0.18941109512274484,0.9233210209969138,-0.6536147021581291,-0.6324066846903368,1.0,77.74974805254733,0.8749569559883644,1.9455166618716253,99"
"1469.0,0.39990782885941945,0.2594941320202448,0.42466419590028487,-0.6536147021581291,-0.6711545705525365,0.0,70.6943831743643,0.8746276488255996,1.9425101327528826,99"
"193.0,-1.3226670078538392,-1.3843456371804517,-0.5651259071317536,-0.6536147021581291,-0.8385759214999507,1.0,81.34220363325393,0.6343188608947424,0.5507900141213232,100"
"939.0,-0.6280081741468728,-1.649426444930222,-0.7177062800623568,-0.6536147021581291,-0.17494323262558797,0.0,51.5613557965004,0.6319014729886905,0.5403828460461358,100"
"197.0,0.10348347610623258,-0.7046144399754573,-1.8114656291337627,-0.6536147021581291,0.4118655361416203,1.0,80.8706201579954,0.7064040053251899,0.877982664794786,101"
"420.0,2.0468716163544607,-2.0285615750891446,-0.5549944855216546,-0.6536147021581291,-0.5260304380570026,0.0,55.00724535884536,0.7044392677081434,0.8685277818294248,101"
"199.0,-1.2179388184724693,0.1674619897135324,0.4738494293044371,-0.6536147021581291,0.3542666685034954,1.0,81.90541936372465,0.8410278033051283,1.6658953958667806,102"
"1441.0,1.142677978708254,-0.48973045458520403,0.2629332061585134,-0.6536147021581291,-0.7715761835297464,0.0,62.27831691212499,0.8405972326629028,1.662678503302296,102"
"200.0,0.31143702607990226,0.34145306774313794,0.22553093824815554,1.529953345140743,-2.284220199039896,1.0,69.73777593369586,0.7633670985466356,1.1712290395322058,103"
"324.0,-1.0783743252073321,0.15634688683756712,1.1303170585607156,1.529953345140743,-0.1641835368147941,0.0,80.71944012402356,0.7634008896488582,1.1714161142891837,103"
"202.0,1.050531081190589,0.6304320204261663,0.2620830821893886,-0.6536147021581291,0.6941299977199427,1.0,92.69812526841316,0.9062470148660503,2.26864840645016,104"
"1166.0,1.3574966986339434,0.8475570622509124,-0.24971141076507028,-0.6536147021581291,0.13230486377617354,0.0,81.77010990867872,0.9061903767383633,2.26798196866182,104"
"204.0,-1.4571134024795116,0.40165992106924203,-0.8947312531587654,-0.6536147021581291,-1.3886789975960563,1.0,82.75188137709178,0.7838698689145944,1.2883623380388243,105"
"1190.0,0.05421189010149283,-1.049383780147539,0.43296391362455666,-0.6536147021581291,0.4392547547186029,0.0,63.101465292579846,0.784898713528781,1.2944456650446978,105"
"211.0,1.1040468835811164,-0.13766159839516548,-1.1170366639921983,-0.6536147021581291,0.7359587982850583,1.0,84.1419066952798,0.8233016401842127,1.5388785495372583,106"
"654.0,2.5692585721256935,-1.297054339507984,0.1902613331642866,-0.6536147021581291,-0.0677530458633739,0.0,65.36293820656246,0.823894764602551,1.5429610641477172,106"
"221.0,-1.95604540772981,-0.27922135249556673,0.7891815571143446,-0.6536147021581291,-2.3990655969187475,1.0,77.86855298123677,0.7786282726675046,1.257690434074051,107"
"1256.0,1.65129389726327,0.18317088075375246,-0.7802379412295176,1.529953345140743,1.4438293932760788,0.0,77.04673680934772,0.7787750625700866,1.2585422523405874,107"
"225.0,1.0565429306980154,1.089456276112197,-0.9297496277912084,-0.6536147021581291,-0.33248240393349604,1.0,87.3653833717255,0.8936673284168293,2.1287609993147725,108"
"508.0,-0.003726143741656606,0.6553781411469827,0.5358235446271246,-0.6536147021581291,0.02085190578783934,0.0,66.05447496049369,0.8935015100415282,2.1270172183724774,108"
"227.0,-1.1514695027626363,0.8067504744141455,1.2738510556656917,1.529953345140743,-2.7643304472134136,1.0,73.95342685624449,0.7998732432567428,1.3855023196767309,109"
"1460.0,-0.19426926147772489,-0.8539086871340281,1.2137532822357746,-0.6536147021581291,-2.861627765833069,0.0,62.506096861499536,0.8000578800060599,1.3866561504248993,109"
"228.0,-0.7821169877341544,0.35839685700827323,0.8107043887325178,1.529953345140743,1.661480428966599,1.0,93.26174261804908,0.7910659870606418,1.3313629120656947,110"
"1365.0,-0.21472563698167454,-0.32831345476907847,2.109321878399442,1.529953345140743,-0.49432254866311165,0.0,70.35722569835588,0.7914430351359258,1.333645689261152,110"
"232.0,-0.0067321817597799935,-0.03496307086080078,-1.0114718115563213,-0.6536147021581291,1.2608810676807272,1.0,79.66294865674553,0.8085216285633539,1.4404325707765768,111"
"1277.0,0.34764504147953706,-0.26086159700470346,-0.9087865911321751,-0.6536147021581291,1.7919461168147106,0.0,73.23817846697335,0.809682360676105,1.4479475612459956,111"
"235.0,0.5928342866109949,-1.6593274104805706,0.229770025128697,1.529953345140743,-0.8219895258214441,1.0,72.97509801036594,0.5780050201531457,0.3145891361529739,112"
"291.0,-0.5555750861825739,0.10179565345931287,-2.4069652437515257,1.529953345140743,0.04390251363602335,0.0,65.12814828065684,0.5782095268818657,0.31542762470399904,112"
"238.0,-0.7275792143992214,0.9514475713502807,0.2250729205498173,-0.6536147021581291,0.6685648757939285,1.0,99.25429000875958,0.8899535309175335,2.0902665261194766,113"
"423.0,0.9369249535542288,0.22815356581062207,0.4550314206990525,-0.6536147021581291,0.38199030447917304,0.0,72.28595987186135,0.8895196875491559,2.085844302918762,113"
"240.0,-0.8608064807121041,-0.12145555555728997,0.05547027061142864,-0.6536147021581291,1.2557149853552922,1.0,83.39043445552697,0.8210849160525606,1.523715232204902,114"
"1282.0,0.6684386752953981,-1.2391104074864243,1.1849800373610093,-0.6536147021581291,0.5262227409708146,0.0,67.43913300400938,0.820050677571953,1.5166908710822584,114"
"244.0,-1.2763580883881112,-0.9585169288049479,-0.12702401137810818,-0.6536147021581291,-1.653596615537206,1.0,59.94883793780146,0.6991860409397946,0.8434248623619889,115"
"1016.0,-0.7170130354111648,0.07216136747975034,-0.43039026514812884,1.529953345140743,1.0085899044037736,0.0,71.42011333621467,0.6988995882142627,0.8420632782003716,115"
"249.0,0.35953133326734044,1.0030589905882958,-1.786599318411291,-0.6536147021581291,0.43364812974939265,1.0,86.88080055549376,0.8545457601383125,1.7707085185919278,116"
"1152.0,-0.7043192491616971,0.504370526412244,0.1279668140638858,-0.6536147021581291,-1.0722693630231774,0.0,81.51573537438537,0.8535214369359531,1.7624915678804531,116"
"251.0,0.88219176412066,0.6743283017125218,0.3368025014638077,1.529953345140743,-0.7276310553538449,1.0,80.54171982586183,0.8243401137458635,1.5460335431935355,117"
"246.0,-0.5371751571297424,0.9767658239823995,0.47778289690418624,1.529953345140743,0.6942228830858069,0.0,74.42400450949603,0.8239556666776217,1.543380868690994,117"
"252.0,2.1094508925890207,-0.6805379398691722,0.6721465840896264,-0.6536147021581291,0.14282241694907594,1.0,72.11830527764835,0.8698334154129683,1.899486666739787,118"
"509.0,-0.8999686746085918,0.9384909784545817,-0.4823575213305808,-0.6536147021581291,1.2811721632346311,0.0,75.04776901819919,0.8694341551544345,1.8959649459553147,118"
"253.0,0.9989804664216662,-1.8773369564917028,1.0852511576552066,-0.6536147021581291,-2.1974397866168536,1.0,72.93648379040285,0.7505377505913942,1.1014823516283248,119"
"196.0,-0.9538848924909419,-1.0327506553967427,0.7450767719217709,-0.6536147021581291,-1.523290750755909,0.0,60.53709660514953,0.750814800009096,1.1029626217720738,119"
"259.0,0.7362326350213831,1.3223272262768917,1.4577393389050588,-0.6536147021581291,2.2038560615695877,1.0,97.4566216404091,0.9498984076489131,2.942302248518672,120"
"1453.0,2.598121984775188,1.5319646574794141,0.33524492958923613,-0.6536147021581291,0.13933319634697636,0.0,83.23652568371591,0.9519209104589842,2.9856346003785816,120"
"271.0,-1.5164158731365849,1.7090037839586498,-0.8165779669494636,1.529953345140743,0.0677506891497249,1.0,83.5287928040474,0.7942029072240694,1.3504482824126989,121"
"1309.0,0.4305772906263064,-0.5742040763958637,-0.4143837355157183,-0.6536147021581291,-0.012940572435189137,0.0,60.12012980441469,0.7941134081062475,1.3499007900082163,121"
"273.0,-0.04274484143668998,0.1827461686866207,0.7533725163629615,-0.6536147021581291,0.8270739490235773,1.0,77.04942042963532,0.8792799918324532,1.9856294993552024,122"
"1265.0,-1.4938458817217437,0.8192480640410215,0.5292444662995588,-0.6536147021581291,1.091943933488236,0.0,85.19279227950194,0.8794146254006989,1.9868984827615483,122"
"275.0,0.4177423605552545,-1.3579418941221675,1.378072024264227,1.529953345140743,0.8740780806290501,1.0,71.14054428185727,0.6939740016265363,0.8187644378237698,123"
"1245.0,-1.3004528166142226,-0.3169197375124637,-1.4765841541013447,-0.6536147021581291,-1.2364468830264688,0.0,69.08993483025237,0.693816571943486,0.8180232595606828,123"
"276.0,0.14968255823105822,-0.6375034937944007,1.1956338467775682,-0.6536147021581291,-0.07605787311102682,1.0,85.45497256358306,0.8442214066990685,1.6899790649909265,124"
"219.0,0.03026237204288124,-0.4581879587033974,0.7537112675530981,-0.6536147021581291,1.100329241607188,0.0,72.40747258714794,0.8452825372952585,1.698070302833934,124"
"277.0,-0.6648355465352004,-0.05288335285875548,0.17542256956561222,1.529953345140743,0.6266291170837173,1.0,76.58745918381226,0.7173397531937092,0.9313039470973214,125"
"781.0,-1.413981290902384,-0.7044310195442268,-0.27858742913171003,-0.6536147021581291,-1.1860093901334474,0.0,55.69269711377312,0.7163192203065079,0.9262763152025009,125"
"282.0,1.5630877846328282,-1.5458173480349031,-2.076620856125298,-0.6536147021581291,0.07695180293157948,1.0,62.78824152683134,0.6558688018439213,0.6449377971015153,126"
"50.0,0.2770909398061745,-0.1170865187346771,-1.307736514206789,1.529953345140743,-0.09711004047577411,0.0,67.68101296373696,0.6555861925475936,0.6436859227850463,126"
"283.0,-1.3145926376849315,0.7579228035071311,0.9063401444122731,-0.6536147021581291,-1.2886897882803452,1.0,81.77171877055382,0.8776558094844853,1.970416193987709,127"
"677.0,1.7325117287605813,0.1727095399830845,-0.1048069628437866,-0.6536147021581291,-1.4527383290734373,0.0,74.35354702516997,0.8770111092795492,1.9644256277100076,127"
"286.0,-0.20785254746723633,-0.32973815707626447,-0.2819594479799966,-0.6536147021581291,0.8672857194673317,1.0,74.10003564998061,0.80724253279315,1.4321914073509714,128"
"693.0,0.5745079426304915,-1.4018357772507632,1.0845124985845425,-0.6536147021581291,1.277157013637046,0.0,63.9048667846671,0.8069898136993005,1.430568079488433,128"
"290.0,-0.26526400496020847,-1.9226427999245608,1.4402049585824173,-0.6536147021581291,0.9879213135942667,1.0,74.08079778976257,0.7504582259600685,1.1010576557138507,129"
"1366.0,-0.08099825243841431,-0.8682224162337114,-0.47450886191478925,-0.6536147021581291,0.054954473882841304,0.0,59.458272488504306,0.7501826657931263,1.0995867436413274,129"
"292.0,-0.6537764855149812,-0.17809712763971844,1.3007833160410058,-0.6536147021581291,0.7072639586609838,1.0,78.000977187719,0.8624250732387164,1.835579582933827,130"
"1204.0,-0.0033812475492129806,0.23838840204366066,0.15202130322451535,-0.6536147021581291,0.21774442893182339,0.0,83.38046772129047,0.8618509156422071,1.8307488805514234,130"
"297.0,0.25998642597081295,-0.8249302620465772,-0.8880248966859268,-0.6536147021581291,0.6464854304275296,1.0,69.99436333329842,0.7508874945027868,1.1033512092290279,131"
"323.0,2.0791143029684127,-0.6763947628310263,0.29722866559858524,1.529953345140743,-0.4874348746315708,0.0,75.97314728523146,0.7508615170056863,1.1032123381618513,131"
"302.0,0.7083708273599898,-0.7358037500523333,0.25650400841424625,-0.6536147021581291,1.9713477467432643,1.0,74.22931057336415,0.8317009319961391,1.597730355991617,132"
"1081.0,-0.4090907933305868,0.3806450289483115,-0.6444636831805524,-0.6536147021581291,-0.1460985821267696,0.0,63.96234159279529,0.8317004821970452,1.5977271425588762,132"
"303.0,0.5688364747376486,-1.5549661021019465,-0.9670552075944813,-0.6536147021581291,0.4236158723198746,1.0,69.43082679344501,0.6833916234681524,0.7694024775897982,133"
"719.0,-0.11120456719669525,-0.2664849614455448,-0.061566025803617135,1.529953345140743,-1.3451348057104273,0.0,69.71408088965738,0.682773184962819,0.7665456951049666,133"
"304.0,-0.07447320810608082,-1.8493707352195627,1.1273074024299723,1.529953345140743,1.5831050790588244,1.0,73.25323496480443,0.6122271241856927,0.4566835350017603,134"
"951.0,0.30559575851630094,-0.8613424634138807,-0.7784845662183777,1.529953345140743,0.48587495945742126,0.0,59.01465022547831,0.6112475906317785,0.45255943786861375,134"
"308.0,0.504357029785113,-1.6236032918756533,1.777671475064839,-0.6536147021581291,0.46430970903798113,1.0,72.08009268312965,0.8102385161684854,1.4515607334302647,135"
"921.0,-1.0992631211740906,1.1745025644809863,0.2639985114614851,1.529953345140743,0.09976564070764962,0.0,64.12445717252767,0.8102373549758932,1.451553181077157,135"
"315.0,-0.031768671095672475,-0.9217338981478368,0.4532983575683735,-0.6536147021581291,0.20919893423439376,1.0,67.69170166255084,0.7917143083673351,1.3352899502264794,136"
"871.0,-0.8666931399311337,-0.5729295417227208,0.198532085327138,-0.6536147021581291,1.1632940871865458,0.0,61.0154500351971,0.7915383243680083,1.3342230836453008,136"
"316.0,0.641784202597401,-2.204045170103483,-0.009928068380330557,-0.6536147021581291,1.1592412366673979,1.0,64.10896034588363,0.6800171918671182,0.75385081024228,137"
"671.0,-2.166101078700119,-0.09246707014594903,0.90226259203426,1.529953345140743,-0.9618810145575737,0.0,69.10236875851035,0.6792696863909972,0.7504176049369318,137"
"317.0,-0.36935632102468624,-0.7467351889257606,-0.9242642330967725,1.529953345140743,-1.1356000234213641,1.0,75.75154414092339,0.5661152279666145,0.2660186438416381,138"
"657.0,-0.07775817055520337,-0.3383905166055481,-2.011713254230848,1.529953345140743,-0.38752046747285923,0.0,76.64925008025786,0.5669972792053886,0.2696104935636024,138"
"322.0,-0.8869965018460451,-0.2439338287729534,-1.4823379572386588,-0.6536147021581291,-0.868994099046215,1.0,72.20968107862235,0.7203541976782862,0.9462192215828462,139"
"832.0,-1.0764619249947327,-1.5591970148023744,1.0635541848696985,-0.6536147021581291,-0.694248844121058,0.0,67.66550196120514,0.7206545040832811,0.9477104802043786,139"
"329.0,0.5871544913507681,0.003964551952009467,0.8652675255461985,-0.6536147021581291,-0.767355142511377,1.0,80.49964645876221,0.8768535155616696,1.9629653722449238,140"
"1139.0,0.6613704784823874,0.3895637277216557,0.04732606624241056,-0.6536147021581291,-0.4831852289618121,0.0,68.57033032319754,0.8769396790754131,1.9637635598410226,140"
"331.0,-0.967537296064422,0.2220190786328142,-1.4791561552564139,-0.6536147021581291,0.4755372098987626,1.0,86.10840874983742,0.7735004285500249,1.2281831711848683,141"
"14.0,-1.8109836032114466,-0.09931251124255848,-0.5315992001011457,-0.6536147021581291,1.6999024283299318,0.0,73.75112518402199,0.773457001007789,1.2279353103726933,141"
"333.0,-0.7432476541674501,0.2768545607093336,0.6085359728593235,-0.6536147021581291,1.1026281075144233,1.0,75.68513840340489,0.8675296904430934,1.8792911950289053,142"
"1471.0,-0.6745839897885155,-0.0850242093630236,1.3075310097135646,-0.6536147021581291,0.7607277111450125,0.0,75.62241840528635,0.8678313175476574,1.8819183570157074,142"
"334.0,0.9405414083146031,-0.638183274860483,1.4215550950406417,1.529953345140743,0.5069735581949145,1.0,78.25965952495804,0.7791615485475207,1.2607869584518094,143"
"17.0,0.26706672661570025,0.626454971456364,-2.7460963210062586,-0.6536147021581291,-0.6783498205988469,0.0,75.99757035984922,0.778989108577633,1.259785081728712,143"
"336.0,-0.8944117723989579,-1.1786125417713078,-1.3019755761014569,-0.6536147021581291,2.152599205763593,1.0,82.75002035199876,0.6647501984910884,0.6845353986254347,144"
"754.0,-1.020676165501714,-1.2891493188814878,-0.6386044532811055,-0.6536147021581291,0.17407122564023514,0.0,61.93865408003976,0.664590840683686,0.6838204164761544,144"
"338.0,0.3676326715011222,-0.04901105314603605,0.5383289684577705,1.529953345140743,-0.09949358729567748,1.0,73.8622616510378,0.7652279836243041,1.1815589070689638,145"
"56.0,-0.9083937339150314,0.914092813950776,-0.5039715685254121,1.529953345140743,0.604132895226138,0.0,77.27428670747489,0.7650824522377567,1.1807490167295795,145"
"350.0,0.2636632730706059,-0.6725545410864193,-0.4683687354144435,1.529953345140743,-1.5389014735108886,1.0,81.62719233231961,0.6267954352983794,0.5184935277604645,146"
"1273.0,-0.37561513104818484,-1.5904705044293,-1.0202211486123336,-0.6536147021581291,-0.6040713479128528,0.0,68.1782375077555,0.6257553979899501,0.5140499569979998,146"
"354.0,-0.07255186931807796,1.0025872371640037,-0.5416565982002473,-0.6536147021581291,-1.3383770362542555,1.0,88.35583211099251,0.873492196900031,1.9321952055418214,147"
"605.0,1.8594116919560262,1.6557245702562602,-0.7357592566839354,1.529953345140743,-0.5534199337246143,0.0,89.98004104193545,0.8734156963655689,1.9315030943625844,147"
"375.0,-0.8351532738809737,1.4044861609630277,-0.9653572298797924,-0.6536147021581291,1.4958362494441395,1.0,82.14152154149602,0.8828383763355185,2.0195877642067277,148"
"916.0,0.5663155465796806,0.5457546546813656,-0.0429506579631811,-0.6536147021581291,-0.44512376689898137,0.0,80.25272527508996,0.8809126357084182,2.0011010786390577,148"
"386.0,0.2950999364877307,-0.8387415188883415,-0.7606936268604295,-0.6536147021581291,-0.7659984769822796,1.0,80.18924578429002,0.7438639026831195,1.0661491582404286,149"
"1274.0,1.1830574145540051,-0.5148130516119536,-1.9480139366515723,-0.6536147021581291,-0.9232503601433706,0.0,65.55489374252357,0.7437749791474325,1.0656824956027386,149"
"388.0,0.9153745831305886,-0.49720077000183904,0.8917450964649107,1.529953345140743,0.8828392846944558,1.0,82.9866383006,0.7692522058226399,1.2040935677199,150"
"1475.0,0.6074695581763987,0.09236384267929085,0.5494362628706724,1.529953345140743,-1.962473630504099,0.0,64.5435344498348,0.769365810903789,1.2047336949610987,150"
"390.0,-0.9687197218694907,0.5404733024295555,-1.5099492503792749,1.529953345140743,0.6013293629587366,1.0,80.2802827784739,0.6726593323138115,0.7202375829786857,151"
"105.0,0.3585827285152184,-0.9849392918301356,0.39910316335789403,1.529953345140743,0.6155481328371609,0.0,63.30811261850229,0.6724641364923251,0.7193512254444957,151"
"405.0,0.5815541184040767,0.4402102018376864,-2.450729573387475,1.529953345140743,-0.27929810492132295,1.0,87.96643458221092,0.659626942100019,0.6616321907582625,152"
"938.0,0.195276750017703,-0.4594878101294385,-0.30098605049315735,1.529953345140743,-1.3498931343923068,0.0,70.09273541951957,0.6602196638355249,0.6642732649275744,152"
"407.0,-0.19826758038028544,-1.161362040719222,0.16742694928811694,-0.6536147021581291,-1.4555130259084117,1.0,80.57289348683116,0.7366391026566386,1.0285727631645882,153"
"12.0,0.1934032502658533,-0.7443640871662485,-1.2245064705897344,-0.6536147021581291,0.36429422391535393,0.0,60.33238466787662,0.7364689900439169,1.0276960846274354,153"
"413.0,1.248868006015965,0.4942517714421327,-0.776297695291298,-0.6536147021581291,-0.8003758260826026,1.0,90.45236157636664,0.8686343300928626,1.8889374349072523,154"
"36.0,0.15967340977921748,0.5072268543427978,-0.2942002897022445,-0.6536147021581291,0.4793707859349471,0.0,75.76195903749266,0.8684824471622344,1.8876070505896576,154"
"414.0,0.2854779223814284,-1.847252974831281,-0.49862234350314105,1.529953345140743,0.11303452523986413,1.0,76.3363757375716,0.5050713987944289,0.02028629085660598,155"
"1213.0,0.8588167938392887,-1.438589574915791,-1.7880128977053382,1.529953345140743,0.4787234902149158,0.0,67.70388372316563,0.5007609965763745,0.0030439886559286283,155"
"415.0,-0.8159325836398468,-0.5672194688765437,-0.10163813432393716,-0.6536147021581291,0.7579811756459446,1.0,76.47888514043973,0.7767311466879099,1.2467176104148865,156"
"1019.0,0.37908139594382434,-0.8812636216715175,-0.043596637988281284,-0.6536147021581291,-0.7545224543159346,0.0,60.61491540442132,0.7774326471742099,1.2507672477438843,156"
"419.0,0.015632963742464496,-0.495421914335129,-0.48094746480584,1.529953345140743,-0.6521069133301232,1.0,71.75071014205278,0.6458990389396447,0.6010611318902179,157"
"121.0,-0.979901747067858,-1.4782318596929505,-0.5597340741942332,-0.6536147021581291,-0.18750264567267633,0.0,64.77436434980773,0.6459435576824648,0.6012557859576015,157"
"430.0,-1.2589952956813117,-1.265912457256892,0.5026387712298971,-0.6536147021581291,1.051091774545594,1.0,67.14253923882737,0.7304990377354956,0.9971559530241466,158"
"395.0,-0.5312954755276905,-0.391586162858958,-1.3218339397912366,-0.6536147021581291,-0.7031868495356056,0.0,74.80885307728423,0.7289774306564017,0.9894406730876772,158"
"438.0,-1.7890375482177554,1.0892571164320748,-1.2256331904237767,-0.6536147021581291,0.5776193442505203,1.0,88.29540350477484,0.8286244402013511,1.5759096205959002,159"
"1104.0,1.076141892724491,-0.6502961585883107,-0.01853049072694222,-0.6536147021581291,0.7059012778969231,0.0,65.60724687522034,0.8279312815425736,1.5710362346955584,159"
"441.0,-0.08649124776699929,-0.41359595834312923,-0.5616600996157238,1.529953345140743,0.18623803949768014,1.0,68.55876325248764,0.6554480380718548,0.6430741174231895,160"
"126.0,-1.0625980581132481,-0.4702271053104048,-1.8372745649912634,-0.6536147021581291,-2.187919666927389,0.0,71.51736175312756,0.6555183254607281,0.6433853646067288,160"
"450.0,-0.1170473732674696,-1.81874555476432,-0.42725035039161796,-0.6536147021581291,0.33554952943088046,1.0,71.99248725162286,0.657662879336046,0.6528964741165515,161"
"88.0,-0.5930353236373732,-0.8570376675934424,-1.8783880132511264,-0.6536147021581291,0.2417385107567932,0.0,61.034237703976494,0.6569440530386057,0.6497053151268611,161"
"452.0,-1.057696051347023,-0.9365241249161814,-0.08256080335649038,-0.6536147021581291,1.8524764112173644,1.0,74.43577351886513,0.7466690930135684,1.0809255388661771,162"
"887.0,-0.419316527110049,-0.9553432617471345,-0.11650798679871081,-0.6536147021581291,-0.1441184631188857,0.0,73.15471107241122,0.7464384794530213,1.0797067234063957,162"
"456.0,-0.1622443772278671,-2.1876262854772923,1.1154382074353637,-0.6536147021581291,1.0984891678085213,1.0,70.7335743431813,0.7128910625197703,0.9094669044094743,163"
"1462.0,-0.2661821933333242,-0.5532877460066598,0.8734949924162496,1.529953345140743,0.07635522225006104,0.0,59.06255166824446,0.7141413423801973,0.9155834167298856,163"
"471.0,-2.346078646027505,-3.006185226853414,-0.03649314415372232,-0.6536147021581291,-0.8125044362890254,1.0,59.75508198019293,0.4276845287951292,-0.2913045208835328,164"
"861.0,-1.5978211188220108,-1.3911513497334895,-0.734222023510778,1.529953345140743,-2.5465220996987425,0.0,59.72978720183096,0.4267872333115223,-0.2949713619638065,164"
"475.0,-0.306957985710002,-0.41041199269162987,-1.2219662367148227,1.529953345140743,0.47742430974763067,1.0,81.58940389878077,0.6092893376409311,0.44432596565483146,165"
"1425.0,-2.05702639411284,0.24137064230823638,-1.0724662446591517,1.529953345140743,-0.3321579028194037,0.0,66.7392747259092,0.6091194623975186,0.4436124271720125,165"
"485.0,-1.502547930018834,0.506703313067561,-0.46425404172943857,1.529953345140743,-0.5491752301862258,1.0,85.1278264088005,0.6953252705834677,0.825135004703916,166"
"152.0,-0.7461652594279444,0.18251917583186103,-2.81979544355108,-0.6536147021581291,-1.0250052215418493,0.0,65.7308636101037,0.6942222374406707,0.8199335641575045,166"
"487.0,-1.1553452527629484,0.5098493905911133,0.6980157084528079,1.529953345140743,-0.10593976037414592,1.0,78.80452332315849,0.7719764407271803,1.2195050786061503,167"
"158.0,-1.2671936913073063,-1.0390687559055722,1.351676024096345,-0.6536147021581291,-1.145550092930362,0.0,59.97421368566062,0.7723850224701496,1.2218276530108487,167"
"488.0,1.6661409688089344,-0.6677271799303865,-0.8673993536968377,1.529953345140743,-0.11364440184580937,1.0,70.62049005567609,0.6776033632850756,0.7427795282989266,168"
"584.0,0.13216125326549966,-0.5752177966311948,0.11333473826488326,1.529953345140743,-0.5381622215427216,0.0,68.99851224800886,0.6783012255642887,0.7459758501797844,168"
"489.0,0.8452788473136315,0.4241440899720185,-1.5302398664127461,-0.6536147021581291,0.4676712013370274,1.0,74.89153229859899,0.8381807041220153,1.6447534595094995,169"
"987.0,0.8409198132535417,-0.061401849504388734,-0.496736365236786,-0.6536147021581291,-0.16496253351142204,0.0,73.90810227637562,0.8385191718288024,1.6472510208351974,169"
"493.0,-0.9308812050136013,0.7052803298569863,-0.48404792885009873,-0.6536147021581291,-1.235418252052017,1.0,83.72287564701895,0.83886142254432,1.649780798725344,170"
"4.0,-0.29179152097522,-0.18832188889957285,0.5912832252004656,-0.6536147021581291,-0.5031211375255875,0.0,77.27870494433833,0.8387188034021336,1.6487260892016498,170"
"495.0,0.4960135666596067,1.0733520224206887,1.9490023077274685,1.529953345140743,-0.2117810812400203,1.0,78.68252808941081,0.8931470586662508,2.123297737598888,171"
"58.0,0.2844073081173759,1.5031598147644316,-1.1407801459542883,-0.6536147021581291,-0.5650394009122495,0.0,76.75973586911684,0.893152941614186,2.123359382346155,171"
"503.0,0.5205315482418658,-0.3284691465283361,0.0935826785646097,-0.6536147021581291,1.9341149698819036,1.0,77.05275835936074,0.8479271483482724,1.7184350289274908,172"
"416.0,1.5275581008213688,-0.8165463577889409,0.8711600537740845,-0.6536147021581291,-1.0638855750034475,0.0,63.44665319792621,0.847971334902795,1.718777742807933,172"
"504.0,-0.7162228140349257,-1.9414022816948246,-0.45102333018245494,1.529953345140743,-0.01598767363527888,1.0,68.93142373678214,0.4494674719179237,-0.20282255640714075,173"
"524.0,-0.8309869050648655,-3.0866700100895264,-0.5298094339009841,-0.6536147021581291,-1.0820181316425161,0.0,50.59593238219755,0.4507019310206579,-0.19783501074189688,173"
"507.0,-0.9336393853473381,-0.8463554058757004,-0.01691965996685223,1.529953345140743,1.1732546488355926,1.0,76.3035975930254,0.615174272453867,0.4691150214246276,174"
"454.0,-0.5935422235209641,-0.6211185741158667,-2.8419157027951987,-0.6536147021581291,-0.7335716305281151,0.0,68.47092046146035,0.6134939034448003,0.4620226851110954,174"
"513.0,-0.9780431761207615,-0.9712828086883841,-1.6780045731030178,-0.6536147021581291,0.9703218986657368,1.0,68.81552369428435,0.6485364108329578,0.6126120295364569,175"
"38.0,-1.40668647814289,-1.2052537606900926,-0.9049896625111017,-0.6536147021581291,0.5814703253340955,0.0,65.85802055848434,0.6466582171838339,0.6043820853105986,175"
"514.0,-0.6409429130894446,0.8285359825738082,0.4713448278028558,-0.6536147021581291,-2.583360210974503,1.0,85.84733833926842,0.8752890966259665,1.9485559422284913,176"
"1200.0,0.0744393902733186,0.37825391233272343,0.283126796013307,-0.6536147021581291,0.22422729024289692,0.0,75.87078100132575,0.8752950033534237,1.948610055003807,176"
"520.0,-1.754412474151942,0.045754362246409476,0.538289949173249,-0.6536147021581291,-0.4915649498026664,1.0,87.50442536817985,0.8150165164663397,1.48294183574203,177"
"279.0,-0.44583424142097305,-0.7195429392884339,0.5888256691993722,-0.6536147021581291,2.031814300511489,0.0,68.85044602689383,0.8154292868370373,1.4856820476538117,177"
"523.0,0.5283064669943279,-1.3465470579077934,1.6476494644913386,1.529953345140743,1.8513714112483746,1.0,74.58377428133817,0.7240429906075874,0.9646056794012294,178"
"285.0,-2.0424855104371793,-1.4978369676189387,1.5238076258512996,-0.6536147021581291,0.16507704635611775,0.0,54.286917615810765,0.7242974092508914,0.9658793793224297,178"
"525.0,-1.8924727227049898,0.17180317625294514,-1.112938786719836,-0.6536147021581291,1.575081233584308,1.0,79.7858139731701,0.7660640883595555,1.186218636539735,179"
"1413.0,2.1531140804832143,0.7557519738809251,-2.417062310971393,1.529953345140743,1.1966284930913578,0.0,79.82783759272186,0.7660711691537399,1.186258148132498,179"
"549.0,-0.6686757145862534,0.14265126070129117,0.00787735304876869,1.529953345140743,-0.568435871070149,1.0,82.01122171179507,0.7155812086349342,0.9226473222331932,180"
"1281.0,-0.208550346253764,-0.6761533253549843,-1.4458224631010599,-0.6536147021581291,0.2679003857546531,0.0,65.54033095173429,0.7159406934112745,0.9244142907221078,180"
"551.0,-0.21181890766696082,-0.8972579192356848,-1.500950593646602,-0.6536147021581291,-0.30886476924920914,1.0,77.38735968829148,0.6839356135910232,0.7719178337243934,181"
"360.0,0.47607697716296266,-0.1518287896560044,-1.092702461884407,1.529953345140743,0.9669793843906012,0.0,70.78895503990955,0.6841584297035219,0.7729487851330183,181"
"567.0,-1.0804827073690175,-0.15179870148189623,1.1012054666770241,-0.6536147021581291,0.6650895888405761,1.0,80.28227295804156,0.847568132642518,1.7156535037328184,182"
"727.0,0.30103675783586076,-0.6259627771985682,1.096727776199213,-0.6536147021581291,0.33989700886137864,0.0,66.22209262977815,0.8478600239849677,1.717914564193033,182"
"573.0,-0.27645162994891187,0.18550101434480795,0.23427289302873192,1.529953345140743,0.33546478730058216,1.0,93.26710509546871,0.7540474874543488,1.1203168678677056,183"
"425.0,1.3415571719635413,-0.9504112932767476,1.0909856235638162,1.529953345140743,1.0722963398913132,0.0,64.32565023975994,0.7542889726068094,1.1216193873243852,183"
"575.0,-2.306472838064174,-0.33672002233054765,0.3257695770744902,-0.6536147021581291,-2.0921411290557703,1.0,73.81966222782698,0.7423547728866967,1.058243709563028,184"
"236.0,-2.116933390922375,-1.0870196163423556,1.035344376233901,-0.6536147021581291,0.8157028871827204,0.0,60.865106613703574,0.7421712715551095,1.057284519486562,184"
"578.0,-1.5599546802891757,-0.15705471136995663,-0.7598647586962475,-0.6536147021581291,-0.928425041958711,1.0,76.75952061660918,0.7415287538532963,1.05392948449414,185"
"314.0,1.2772001517485725,-0.28835988542976737,-0.3128273694939778,1.529953345140743,0.8792962335874807,0.0,73.66375264527761,0.7415624662051045,1.0541053850733058,185"
"585.0,0.19978090579876745,-1.2569232517232367,-1.2307544330249742,1.529953345140743,0.17839293542594906,1.0,76.78445534386803,0.5260084737681984,0.10412787804623956,186"
"777.0,-0.30541164608692317,-1.1837675578658506,-1.1666761681574769,1.529953345140743,1.007538679419395,0.0,63.62115179388961,0.5264882400815203,0.10605224682628245,186"
"596.0,-0.32819426166276,0.6668063790000046,-0.915474674886604,1.529953345140743,0.9245022039268186,1.0,87.62928465724114,0.7450872414576866,1.0725799508939495,187"
"11.0,-0.5277838666062621,-0.21220059298270216,1.3488749245357283,1.529953345140743,-1.6478738041710435,0.0,66.75279485996744,0.7455145711617288,1.0748310992244425,187"
"599.0,0.33132225780604946,0.8167514840851976,-0.18087037240077308,-0.6536147021581291,0.09811203811649237,1.0,85.16312916739376,0.8891260108721908,2.081844646617887,188"
"366.0,0.1751926986484566,1.0351010386547514,-0.4747538361011419,-0.6536147021581291,0.04508509332347535,0.0,75.10967554530771,0.8889601196931959,2.080162955940713,188"
"606.0,-0.841717746681579,-0.9313246179582281,-0.7248801429172849,-0.6536147021581291,-0.9640183228392892,1.0,71.78044625009625,0.6926548547606864,0.8125604623623904,189"
"139.0,-1.3075089020898927,-1.10110839904792,-0.22042682184661982,-0.6536147021581291,-0.2136495771470567,0.0,61.489768942078314,0.6931558110275838,0.8149147184815855,189"
"610.0,0.6136708207620698,-0.5686844488810967,0.07667227123426767,-0.6536147021581291,-0.19059808604141626,1.0,82.31474595665158,0.8186184857673231,1.507015519593007,190"
"1255.0,-1.2858808939084176,-0.4746393106986246,1.0629197085393918,-0.6536147021581291,0.5085280612004545,0.0,63.88359934705809,0.8178290110594175,1.5017075361208887,190"
"612.0,0.2321343542406698,0.026413794846701172,-0.13322026017330071,-0.6536147021581291,0.5326855874686709,1.0,83.42111987278923,0.846841418407732,1.71003958412906,191"
"1189.0,-1.0399830075440208,0.6077965049529673,-0.019006603851298008,-0.6536147021581291,-1.237213409232762,0.0,71.22228410858442,0.8461659718819843,1.7048412428808666,191"
"615.0,0.07851228291412173,-0.537252393934046,0.7666701800967518,-0.6536147021581291,0.7003604630216456,1.0,77.40240853279775,0.8390987347272751,1.6515374632937163,192"
"506.0,-0.6568634164823564,-0.013983150233334163,0.3612426476000897,-0.6536147021581291,0.4467458783827858,0.0,75.81960497186715,0.839457231219946,1.6541951504582093,192"
"625.0,-0.5741371677615527,0.5413225328776927,-0.8903745954487666,-0.6536147021581291,0.990578650596954,1.0,82.1272901693908,0.8372855350187466,1.638168237196428,193"
"340.0,-0.8910724853293536,-0.14595826984961938,0.7385441294627434,-0.6536147021581291,0.2847059130003664,0.0,78.0632267871463,0.8372994976545873,1.6382707274749726,193"
"649.0,0.6563093963428553,-1.6866680329387216,-0.3814349815655858,1.529953345140743,0.15077380464261364,1.0,72.70926207948625,0.5497694952276159,0.19973940634815288,194"
"660.0,-0.6377742972136212,-1.1457891398350277,-0.3114254334505299,1.529953345140743,-0.8533369629916455,0.0,63.03863964265224,0.5491360348830188,0.1971805329366529,194"
"653.0,-1.18079946553407,0.21946058047947606,-0.7699871302613307,-0.6536147021581291,-0.23624656498430271,1.0,77.05179818273525,0.7924751323637622,1.339909950018216,195"
"963.0,0.6693508246353002,-1.2741648603779538,0.8003542468436424,-0.6536147021581291,-0.6050221880614867,0.0,69.16192939538529,0.7927375533277359,1.3415063641361096,195"
"665.0,0.05528672430026833,-1.047767506908937,-1.195654799034988,-0.6536147021581291,0.11644311658763831,1.0,71.60046503016504,0.700310698262112,0.84877781411402,196"
"656.0,-0.03897812652880046,-0.3968607234474157,0.050230011239367475,1.529953345140743,0.7121567423969933,0.0,70.16142104210556,0.700143539844257,0.8479814769352497,196"
"666.0,-0.31301245683970186,-0.8400170841763256,0.7634622258174265,-0.6536147021581291,-0.37540585028258977,1.0,75.32292598398115,0.7984814776776785,1.3768304716325865,197"
"371.0,0.45432166150900577,-0.2338279537081468,-1.1340282285318857,-0.6536147021581291,1.0308379036819662,0.0,67.839689028589,0.7995007043345311,1.383176679392366,197"
"680.0,0.6822607050398091,-0.20851788196331933,-1.059427951808665,1.529953345140743,0.91302223079336,1.0,79.83682844267376,0.6875948791266211,0.7888990161496837,198"
"824.0,-0.5071709181308226,-0.020901659137696992,-0.6168046079137375,1.529953345140743,1.074738868216736,0.0,70.73810539069414,0.6875615133026848,0.7887436922011666,198"
"714.0,-0.09152540287223888,-0.4933382426646281,1.0404591470795546,1.529953345140743,-0.8309884320372074,1.0,71.98392483986511,0.7262696325111598,0.975777778895163,199"
"1087.0,0.1901696291388569,-0.22168213512340434,0.12175299886095893,1.529953345140743,0.3162551967997124,0.0,72.27330417042756,0.7261136856396884,0.9749934851608932,199"
"729.0,-0.8463193802691855,1.0096378581198218,-2.2379006773509698,1.529953345140743,0.2193856422760332,1.0,92.56290164225189,0.6816585847857828,0.7614044840806957,200"
"788.0,-0.12467675088906569,-0.6229992837419843,0.22148044117297683,1.529953345140743,0.5570135382090642,0.0,72.63236242875519,0.6811022368386829,0.7588418626388211,200"
"732.0,0.36286475409328983,-2.0192073721242045,-1.9447533097919636,1.529953345140743,-1.7033397341574035,1.0,61.81195624467148,0.37216377742502377,-0.5229453210964284,201"
"566.0,-2.1301628942828175,-2.495984581527943,0.26876514392608286,1.529953345140743,0.5635288854232111,0.0,52.41956882469552,0.3742063754575571,-0.5142131922292279,201"
"737.0,0.9482570362223529,-0.9855606115251657,-0.11378807592144531,-0.6536147021581291,1.4722149503517805,1.0,82.64611176005795,0.801573278530342,1.3961565239997415,202"
"926.0,-0.6227530551580134,0.5666899050120341,0.9889192220724851,1.529953345140743,-0.7408582482106513,0.0,69.65189064331261,0.80058252868079,1.3899391503946361,202"
"747.0,-0.8229604879044496,-1.3684100597087743,0.21893353393355658,-0.6536147021581291,1.4963866325842063,1.0,75.91242215958209,0.7258643210172608,0.9737399491116984,203"
"30.0,-0.6663536896007013,0.12810072641985437,-2.4074760838657707,-0.6536147021581291,0.12742610234046164,0.0,66.90597878269354,0.7259808416011851,0.9743256003902595,203"
"752.0,-1.0476553735058725,-1.4913514670864905,1.2770259545856857,1.529953345140743,-1.3913936750430673,1.0,77.90152419184203,0.5855801492861249,0.34572347189575964,204"
"994.0,-1.0738930994243223,-1.2933335376319859,-1.9906427088653784,-0.6536147021581291,0.9495225758787408,0.0,60.932625295951546,0.587422128185046,0.35331872134747944,204"
"770.0,0.6680751313069947,0.33844863721808766,1.029810370196163,1.529953345140743,-0.22101518418710647,1.0,76.00122326583525,0.824988939908246,1.5505208076222405,205"
"809.0,-0.9648397494134253,0.887717520739492,0.8416776589337239,1.529953345140743,1.3222466193942177,0.0,70.45306713667647,0.8247792397567563,1.5490690963315186,205"
"772.0,0.5912941844477092,-0.7025425053920419,-0.7269981146247524,-0.6536147021581291,-1.020381592113361,1.0,75.76050306749384,0.7655479713768425,1.18334088166966,206"
"1356.0,-0.6098339088015662,-0.7454795229951535,0.2667558378802395,-0.6536147021581291,-1.4783819661801025,0.0,63.05675894695106,0.7654219791215395,1.1826390442569912,206"
"774.0,0.5804943169180262,-1.1211605717691842,-1.701081688400246,-0.6536147021581291,-1.4155465794086202,1.0,70.8624704946044,0.6678856923383797,0.6986378297957689,207"
"943.0,-0.15424010241642402,0.6863643566546991,-2.310937863817504,1.529953345140743,0.005251626642875456,0.0,76.75211734586081,0.6680052530680279,0.6991768910827675,207"
"776.0,-0.794176108554259,0.6758520364988713,-1.7602480303645747,1.529953345140743,-1.1013022924910272,1.0,83.14998090507771,0.6609287114706274,0.6674356086009849,208"
"565.0,-0.4690300655090108,-0.6079939572988012,0.09403873928263237,1.529953345140743,0.525162600439427,0.0,67.94611167991368,0.6610563881492225,0.6680053867278208,208"
"819.0,1.0326251514032674,-1.1342909435994104,-1.12293562827454,1.529953345140743,-0.30354526094112677,1.0,76.96101324368576,0.5795574122859635,0.32095679326716614,209"
"499.0,-1.4623415971945641,-0.7729275127278914,-0.3081102861165729,1.529953345140743,0.8920637379932157,0.0,57.18687787745147,0.5787242054946348,0.3175383220284268,209"
"826.0,1.5565202197734818,-1.1256921529701918,-1.1151974208833788,-0.6536147021581291,1.2714973124337532,1.0,72.56232207028917,0.7620150866392508,1.1637590718080857,210"
"1422.0,-0.425085109486235,-0.2132562850403418,1.2795481382228946,1.529953345140743,0.14255918216598729,0.0,70.34093757954483,0.762079674226772,1.1641152576071805,210"
"829.0,-0.3403310426885414,0.8485009241324212,0.5167839977620101,1.529953345140743,1.4225899316741017,1.0,88.52880841105305,0.8267905748298163,1.5630500156762892,211"
"1343.0,1.1601778595648449,-1.2030797058383584,1.0527419790348946,-0.6536147021581291,0.07477406524232634,0.0,70.31134980638585,0.8273182900223457,1.5667394208220824,211"
"844.0,0.1164532735102477,-2.20559896848025,1.627572737070979,1.529953345140743,1.127326866695161,1.0,70.31179261401468,0.6049669533914154,0.4262044103436094,212"
"878.0,-0.06990910521257251,-0.43578789051890177,-1.4663242837127435,1.529953345140743,0.7067142410896499,0.0,68.88021740277694,0.6039687134639962,0.42202918315484794,212"
"849.0,-0.5942956586780658,-0.4139662944404389,-1.3682834151033072,-0.6536147021581291,-0.7337949435447254,1.0,79.93324238372635,0.7217453358524859,0.953135603796348,213"
"540.0,0.7984550194842917,-0.721874525282123,0.3690001377509257,1.529953345140743,1.2044122802068735,0.0,66.57482371524867,0.7211746611285017,0.9502957961566908,213"
"881.0,-0.5941650322720787,-0.9888273584453504,0.21603763873699527,-0.6536147021581291,1.346553980125668,1.0,71.77960530219121,0.7673906624910012,1.1936356266763744,214"
"104.0,-0.2175343328665908,-0.5062581349072338,-0.6753908164811293,-0.6536147021581291,-0.0905294829735891,0.0,61.6552358220758,0.7670906358315865,1.191955580755594,214"
"893.0,1.1384200356301641,-0.6764164837871876,-1.8359411230557272,-0.6536147021581291,-0.4116860945460137,1.0,72.54784547663012,0.7375663557425886,1.0333577917596395,215"
"668.0,-2.346078646027505,-0.2532553638515714,-0.09683314891099841,-0.6536147021581291,-1.0891976408886686,0.0,68.30618809518467,0.7369774182689955,1.0303173610638148,215"
"895.0,0.6079072012439353,-1.4897946661148913,1.0296202655481652,1.529953345140743,1.1624932229537717,1.0,72.6476263815566,0.6706364476596988,0.7110650203863246,216"
"1073.0,-1.3606308452047464,-0.06627771552568872,-0.09954941465761087,1.529953345140743,0.39732403104750647,0.0,68.80915040477333,0.6711635653187836,0.7134524026643189,216"
"913.0,1.5543609488142582,-0.9484971482237146,-0.7889827321081796,1.529953345140743,-0.5593522733398426,1.0,78.77829834019678,0.6417601224792872,0.5830117819121022,217"
"136.0,-0.8513623122126934,-0.986764126876043,0.9802968097868755,1.529953345140743,-0.7457297574644801,0.0,76.10480029762603,0.6417735081808805,0.5830700053798947,217"
"924.0,1.1646621247559794,-1.5726584477293122,-0.21552070770959064,-0.6536147021581291,-0.01459027564449653,1.0,73.20029313768603,0.7400820957440064,1.0463952919458765,218"
"1470.0,1.166277204380626,-1.9603632829800341,0.3614504307188888,-0.6536147021581291,0.707951358122791,0.0,72.23928938989145,0.7398065278239082,1.0449632250809715,218"
"966.0,-0.7424635727234314,-0.7916272460191913,0.3495578483155048,1.529953345140743,0.5785304530337674,1.0,83.00439839744145,0.645224245687268,0.5981120122150371,219"
"1033.0,0.6063643836440915,-0.9497012032209065,-2.752914517942216,-0.6536147021581291,0.31888924329929347,0.0,64.01669334121218,0.6447490515929327,0.5960367371288883,219"
"1031.0,-1.7535756071766728,-0.9575282019772575,-1.3516150177165869,1.529953345140743,1.4265912241304057,1.0,77.99153566380379,0.48113898620033335,-0.0754798701885752,220"
"1381.0,-0.5503885066792343,-2.172394606403989,0.21668133161087466,1.529953345140743,0.6217465744095002,0.0,61.32316395302775,0.48061832104377844,-0.07756558136436954,220"
"1041.0,-0.5208078381544694,-1.2953659284329764,0.7974377069822617,1.529953345140743,1.0950767575282556,1.0,82.69449822156882,0.6307693008868968,0.5355185374205395,221"
"597.0,-1.0506009550055992,-1.1055071145630828,1.035038444763455,1.529953345140743,-0.13453315357969958,0.0,62.44980739045506,0.6302646184761752,0.5333521958245345,221"
"1070.0,-0.10098835318094598,0.023686486670455052,0.6065023081983034,1.529953345140743,0.9090263955955109,1.0,89.50124555157649,0.7685205881532855,1.1999764168056668,222"
"521.0,0.5005485759478354,0.266939639578552,-2.412344671498043,-0.6536147021581291,-1.0191561850099566,0.0,74.48341868164462,0.7680239542225752,1.197186807679053,222"
"1095.0,-0.13542881573065785,-2.300754779955491,-0.9731638151536766,-0.6536147021581291,0.8391498191009209,1.0,66.97235746200323,0.5729118188205693,0.2937413058075024,223"
"1268.0,-0.8027289183228746,-0.5405238016003463,-1.0610998495922002,1.529953345140743,-0.3129423627285999,0.0,65.13379595331051,0.5727167240656852,0.29294401816169063,223"
"1099.0,0.29992268140573825,-0.5155746328160332,0.11434442467684999,-0.6536147021581291,-0.11576935487028625,1.0,79.5277040969914,0.8159958477507713,1.4894509424841793,224"
"1357.0,0.3461023399466531,-0.24969999699174936,-0.27599919835997044,-0.6536147021581291,-0.8596126250754966,0.0,70.4297787003859,0.8157907025535893,1.4880852328121617,224"
"1122.0,0.5977372318543426,0.07005943859340998,0.9864441077294455,-0.6536147021581291,-2.232696090672123,1.0,79.47876084172758,0.876125538240189,1.9562407415481173,225"
"530.0,0.5975968415731816,0.8057991833127648,1.5179101837544242,1.529953345140743,0.9958019996129953,0.0,71.68015315086474,0.876189379006773,1.9568291055370826,225"
"1138.0,0.5556189484324628,-1.0654970839994267,0.9209632807201309,-0.6536147021581291,0.04087723972865698,1.0,76.29771195437745,0.8156696877430119,1.4872801550628159,226"
"705.0,0.564393013127282,0.4653243160802836,0.3461134997307004,1.529953345140743,1.2708943260365955,0.0,79.10016486600865,0.8157144597995213,1.487577963357801,226"
"1141.0,1.3487673469200874,-0.23700657982124465,1.656703578825912,1.529953345140743,1.8188711110010005,1.0,87.66324427355963,0.8402322590097416,1.6599572106360974,227"
"60.0,-0.5414847258893326,-0.03694426787124554,0.3558050361512831,-0.6536147021581291,0.3707910724026813,0.0,73.53477393040298,0.8400738655745855,1.6587777743841716,227"
"1155.0,0.9759004136357844,0.8540173411899384,-0.17068188714854093,1.529953345140743,-1.0961346050072622,1.0,84.27413663017418,0.8173971242306372,1.4988113358853365,228"
"1497.0,1.1782357200260356,-1.2783335192479477,1.1036972744079179,-0.6536147021581291,-0.8910023590936763,0.0,66.49084304866832,0.8173304258189147,1.4983645358608928,228"
"1160.0,-2.346078646027505,-1.21102921246674,0.05579460397363723,1.529953345140743,-0.5728629665286816,1.0,66.02569675081976,0.4910218301198411,-0.035916540044245805,229"
"1468.0,-1.2718605845896904,-1.8671348083442114,0.14897717897689636,1.529953345140743,1.3661997318019659,0.0,57.35771993602366,0.48992913302298524,-0.04028891676038093,229"
"1173.0,-0.11695976453016657,-0.5633215995605027,-0.9084501937204307,-0.6536147021581291,-1.627834952445412,1.0,81.30390734776606,0.7396170317141758,1.0439790252985746,230"
"189.0,-1.5969071255667089,-0.27856860857168964,1.845067003058502,1.529953345140743,-0.3311042192537508,0.0,67.25732109740495,0.739581312704252,1.043793560865618,230"
"1194.0,-1.6765438226133844,0.32439441721955614,-2.30761448045766,1.529953345140743,-1.2613295160050726,1.0,77.04075489419118,0.5451238850971364,0.18098797399796102,231"
"1244.0,-0.7148317601183748,-2.588288666240121,0.06798927294178599,-0.6536147021581291,-1.9246885747990685,0.0,46.184377414264524,0.5458745134000761,0.18401555834082572,231"
"1210.0,-1.3207556994993808,-0.8477184950655015,-0.20929757802080465,1.529953345140743,1.0219329798687844,1.0,77.33064083917326,0.5840204466141913,0.33929988500256064,232"
"1193.0,0.2727068683597562,-0.15202006772773682,-2.3464789421275043,1.529953345140743,-0.39758275486356526,0.0,73.78235088252892,0.5832513007444865,0.33613474060184145,232"
"1242.0,-0.6459461180957581,0.029053941649852387,-0.5377968708169916,1.529953345140743,0.46180352210497716,1.0,66.79939523904325,0.6852925834844703,0.7782025055118219,233"
"991.0,-2.1338420735478993,-0.7168033988504695,-0.4209651750129205,-0.6536147021581291,-0.6013975329916131,0.0,66.19166529069689,0.6857245685347299,0.7802062718172509,233"
"1243.0,-1.087280326439639,0.552532530099198,0.7312659678980014,1.529953345140743,-0.6512520476202778,1.0,84.62870173931196,0.774599516026674,1.2344673934975359,234"
"83.0,-0.5813262337839364,0.04753164145793802,-1.0571040272859464,-0.6536147021581291,-1.317065851608272,0.0,80.57232916222935,0.7747276988916537,1.235201713726369,234"
"1260.0,0.5158006988554077,0.6251508135286395,1.0256811019256917,1.529953345140743,-0.37219656885096375,1.0,78.86891484001632,0.839538477047311,1.6547981273100367,235"
"1058.0,0.5007931140399499,0.3182517304824632,0.990576131457984,1.529953345140743,2.8854257381156896,0.0,77.32841632871923,0.8395274859328006,1.654716540831766,235"
"1297.0,-0.3489828739431833,-1.8318003784455046,0.16751542115550105,-0.6536147021581291,1.0136024350458046,1.0,72.04500226617918,0.6889434174713965,0.7951843119367403,236"
"1247.0,-0.8378290113353383,-1.186025800630246,2.2061169648970593,1.529953345140743,-1.0520032482577146,0.0,65.34372646481327,0.6892256027131993,0.7965014141276645,236"
"1335.0,-0.39668695541474325,-0.32020605717876693,-0.5926332371973316,-0.6536147021581291,0.43514782483450326,1.0,71.5739050618546,0.7856104787072546,1.29866654199312,237"
"427.0,0.6459608460335386,-0.30613407941309,1.4067206524559206,1.529953345140743,-0.7902707784468798,0.0,67.19912561769304,0.7860519062415423,1.3012893956533498,237"
"1349.0,-0.2822245273981649,-0.5636072782823938,-0.5091067170054651,-0.6536147021581291,0.35544135898151186,1.0,75.99842735602643,0.7717469037109812,1.218201566614128,238"
"1128.0,-0.11853444924456039,-0.4658756330901687,-0.6809045793037838,-0.6536147021581291,-0.32054241440658243,0.0,65.70096536176068,0.7715229424878599,1.2169306083371432,238"
"1350.0,-1.245599135700936,-0.5729107218513482,-1.9622173498629145,-0.6536147021581291,-1.2776468126515048,1.0,77.3884887862075,0.6392115401153621,0.5719436454085752,239"
"91.0,0.9339431975283186,-2.98681953827295,0.7913651198830901,-0.6536147021581291,-0.11585898951390439,0.0,58.06363362991987,0.6390328347206871,0.5711688383055286,239"
"1371.0,1.6911762829529728,0.4510635452699063,-0.4946105609346263,-0.6536147021581291,0.42950162100471767,1.0,85.30565617992039,0.8893787188712352,2.0844106644308753,240"
"192.0,0.16500329344982595,0.8710779627355819,2.290251660628785,1.529953345140743,0.3921038460849938,0.0,74.9107225922349,0.889325946347662,2.0838743842359015,240"
"1384.0,0.7030734683123726,-2.8099830109123554,-0.5551105547749312,-0.6536147021581291,0.27189836516808463,1.0,62.08409031695223,0.5693468102581084,0.2791866547979676,241"
"1346.0,-2.346078646027505,-0.6142072129904006,-0.003492895417204337,1.529953345140743,0.343791270384481,0.0,59.68056849237789,0.5712947605719986,0.28713569943111966,241"
"1394.0,-0.4254609643764107,0.5018036634747398,0.8701056528500869,-0.6536147021581291,0.7518431794391376,1.0,83.4634242951222,0.8908472406569099,2.0994246027366543,242"
"1036.0,-1.30231302162541,0.9773955645259891,0.5522765424567752,-0.6536147021581291,1.058301208127,0.0,79.69888435017243,0.8912854244746671,2.103938843287306,242"
"1401.0,0.49371323085829105,-0.4467443729031766,1.098853492729211,1.529953345140743,1.2471801699591043,1.0,78.48467533552808,0.7728985106417401,1.2247507398863433,243"
"1108.0,-0.688836748497476,0.8972901971575604,-0.15415753590019737,1.529953345140743,-1.0208725387005504,0.0,65.36328398357975,0.7727648867032818,1.2239896225388864,243"
"1430.0,0.2600956466772692,0.868898394109822,-1.7110187174403801,-0.6536147021581291,-0.9050523793863735,1.0,82.74628366766906,0.8375137825355012,1.6398445377529571,244"
"98.0,-0.04796207236359544,0.005942083232779784,-0.08439515620162402,-0.6536147021581291,0.07143516101992914,0.0,73.3461958469572,0.8373573202724266,1.638695239711339,244"
"1445.0,-0.716950760275623,-1.1826459423194298,-0.7066626530222208,-0.6536147021581291,-1.8295409053305802,1.0,70.66029082098011,0.6623095853632323,0.6736035554954289,245"
"722.0,-1.427067222577352,0.7417858829810777,-1.5700573579052899,1.529953345140743,-0.3109017957924234,0.0,83.63244494004633,0.6623729029123787,0.6738866714093131,245"
"1447.0,0.5443724491248666,-3.0578056337450557,0.14153423218907052,1.529953345140743,0.6482440408699445,1.0,60.646957381349395,0.41806838751817565,-0.3307079108550167,246"
"1163.0,-1.7299481555709335,-0.9798730001605643,-1.765383945000146,1.529953345140743,-0.7807113639889695,0.0,64.7635294553228,0.4251450660562135,-0.30168727759285396,246"
"1457.0,0.33525371639675805,-0.25583441214238867,-1.2697750226677176,1.529953345140743,-0.5486112272137662,1.0,81.42352406694309,0.6396174348279086,0.5737040913057746,247"
"1100.0,0.9638682849839744,-1.9240467822743514,-1.434337544000726,-0.6536147021581291,1.2069608505262364,0.0,64.48387857733648,0.6401403430240394,0.5759733245804545,247"
